<?xml version="1.0" encoding="UTF-8"?>
<!DOCTYPE editor-preferences PUBLIC "-//NetBeans//DTD Editor Preferences 1.0//EN" "http://www.netbeans.org/dtds/EditorPreferences-1_0.dtd">
<editor-preferences>
    <entry javaType="java.lang.Boolean" name="alignMultilineArrayInit" xml:space="preserve">
        <value><![CDATA[true]]></value>
    </entry>
    <entry javaType="java.lang.Boolean" name="alignMultilineAssignment" xml:space="preserve">
        <value><![CDATA[true]]></value>
    </entry>
    <entry javaType="java.lang.Boolean" name="alignMultilineBinaryOp" xml:space="preserve">
        <value><![CDATA[true]]></value>
    </entry>
    <entry javaType="java.lang.Boolean" name="alignMultilineCallArgs" xml:space="preserve">
        <value><![CDATA[true]]></value>
    </entry>
    <entry javaType="java.lang.Boolean" name="alignMultilineFor" xml:space="preserve">
        <value><![CDATA[true]]></value>
    </entry>
    <entry javaType="java.lang.Boolean" name="alignMultilineImplements" xml:space="preserve">
        <value><![CDATA[true]]></value>
    </entry>
    <entry javaType="java.lang.Boolean" name="alignMultilineMethodParams" xml:space="preserve">
        <value><![CDATA[true]]></value>
    </entry>
    <entry javaType="java.lang.Boolean" name="alignMultilineParenthesized" xml:space="preserve">
        <value><![CDATA[true]]></value>
    </entry>
    <entry javaType="java.lang.Boolean" name="alignMultilineTernaryOp" xml:space="preserve">
        <value><![CDATA[true]]></value>
    </entry>
    <entry javaType="java.lang.String" name="blankLinesAfterClass" xml:space="preserve">
        <value><![CDATA[0]]></value>
    </entry>
    <entry javaType="java.lang.String" name="blankLinesAfterFunction" xml:space="preserve">
        <value><![CDATA[0]]></value>
    </entry>
    <entry javaType="java.lang.String" name="blankLinesBeforeField" xml:space="preserve">
        <value><![CDATA[0]]></value>
    </entry>
    <entry javaType="java.lang.String" name="catchBracePlacement" xml:space="preserve">
        <value><![CDATA[NEW_LINE]]></value>
    </entry>
    <entry javaType="java.lang.String" name="classDeclBracePlacement" xml:space="preserve">
        <value><![CDATA[NEW_LINE]]></value>
    </entry>
    <entry javaType="java.lang.Boolean" name="code-folding-collapse-import" xml:space="preserve">
        <value><![CDATA[false]]></value>
    </entry>
    <entry javaType="java.lang.Boolean" name="code-folding-collapse-initial-comment" xml:space="preserve">
        <value><![CDATA[true]]></value>
    </entry>
    <entry javaType="java.lang.Boolean" name="code-folding-collapse-innerclass" xml:space="preserve">
        <value><![CDATA[false]]></value>
    </entry>
    <entry javaType="java.lang.Boolean" name="code-folding-collapse-javadoc" xml:space="preserve">
        <value><![CDATA[true]]></value>
    </entry>
    <entry javaType="java.lang.Boolean" name="code-folding-collapse-method" xml:space="preserve">
        <value><![CDATA[false]]></value>
    </entry>
    <entry javaType="java.lang.Boolean" name="code-folding-collapse-tags" xml:space="preserve">
        <value><![CDATA[false]]></value>
    </entry>
    <entry javaType="java.lang.String" name="forBracePlacement" xml:space="preserve">
        <value><![CDATA[NEW_LINE]]></value>
    </entry>
    <entry javaType="java.lang.String" name="ifBracePlacement" xml:space="preserve">
        <value><![CDATA[NEW_LINE]]></value>
    </entry>
    <entry javaType="java.lang.String" name="methodDeclBracePlacement" xml:space="preserve">
        <value><![CDATA[NEW_LINE]]></value>
    </entry>
    <entry javaType="java.lang.String" name="otherBracePlacement" xml:space="preserve">
        <value><![CDATA[NEW_LINE]]></value>
    </entry>
    <entry javaType="java.lang.Boolean" name="placeCatchOnNewLine" xml:space="preserve">
        <value><![CDATA[true]]></value>
    </entry>
    <entry javaType="java.lang.Boolean" name="placeElseOnNewLine" xml:space="preserve">
        <value><![CDATA[true]]></value>
    </entry>
    <entry javaType="java.lang.Boolean" name="placeWhileOnNewLine" xml:space="preserve">
        <value><![CDATA[true]]></value>
    </entry>
    <entry javaType="java.lang.String" name="switchBracePlacement" xml:space="preserve">
        <value><![CDATA[NEW_LINE]]></value>
    </entry>
    <entry javaType="java.lang.String" name="whileBracePlacement" xml:space="preserve">
        <value><![CDATA[NEW_LINE]]></value>
    </entry>
</editor-preferences>
